거래ID,거래처명,거래처유형,지역,담당영업,제품군,제품명,수주일,납품일,수주금액,매출금액,미수금,수주상태,분기
TXN-2024-0001,GS리테일,유통,서울,한미래,TCR,TCR-500,2024-08-19,2024-09-25,17578808,17578808,0,진행중,2024Q3
TXN-2023-0001,국민건강보험공단 인천중부지점,공공,인천,김철수,교통단말,TM-200,2023-03-23,2023-05-07,17575339,17575339,0,진행중,2023Q1
TXN-2022-0001,서울시설공단 부산강남지점,공공,부산,김철수,자전거시스템,BS-100,2022-09-04,2022-10-30,303450452,303450452,0,완료,2022Q3
TXN-2023-0002,롯데마트 부산본부,유통,부산,박민준,발매기,VM-300,2023-08-22,2023-10-05,138221771,138221771,0,완료,2023Q3
TXN-2024-0002,하나은행,은행,서울,정대한,TCR,TCR-500,2024-07-27,2024-08-27,17019952,17019952,2534351,완료,2024Q3
TXN-2023-0003,신한은행 서울본부,은행,서울,최수진,TCR,TCR-500,2023-02-07,2023-03-14,31881376,31881376,0,완료,2023Q1
TXN-2024-0003,대구은행,은행,경기,김철수,TCR,TCR-500,2024-02-18,2024-04-21,13474671,0,0,취소,2024Q1
TXN-2022-0002,BGF리테일,유통,인천,박민준,발매기,VM-300,2022-12-26,2023-02-01,43789958,43789958,0,진행중,2022Q4
TXN-2024-0004,하나은행 경기동부지점,은행,경기,최수진,ATM,CD-5000,2024-11-16,2024-12-30,49525537,49525537,0,완료,2024Q4
TXN-2022-0003,신한은행 대전남부지점,은행,대전,이영희,ATM,CD-5000,2022-02-13,2022-04-26,91879207,91879207,26327236,완료,2022Q1
TXN-2024-0005,GS리테일 대전북부지점,유통,대전,박민준,TCR,TCR-200,2024-02-05,2024-03-12,6017057,6017057,0,완료,2024Q1
TXN-2023-0004,한국철도공사,교통,경기,김철수,교통단말,TM-200,2023-09-14,2023-11-09,3666641,3666641,0,완료,2023Q3
TXN-2023-0005,국민건강보험공단 인천중부지점,공공,인천,정대한,발매기,VM-300,2023-02-05,2023-04-14,148567542,0,0,취소,2023Q1
TXN-2022-0004,이마트,유통,대구,김철수,TCR,TCR-200,2022-05-08,2022-06-21,14953084,14953084,0,완료,2022Q2
TXN-2023-0006,부산교통공사,교통,서울,박민준,교통단말,TM-200,2023-01-04,2023-03-26,2159968,2159968,0,완료,2023Q1
TXN-2022-0005,대구은행 서울서부지점,은행,서울,정대한,ATM,ATM-3000,2022-10-19,2023-01-10,128277519,0,0,취소,2022Q4
TXN-2024-0006,GS리테일 대전북부지점,유통,대전,김철수,발매기,VM-500,2024-02-08,2024-03-31,97468841,0,0,취소,2024Q1
TXN-2022-0006,신한은행,은행,광주,정대한,TCR,TCR-200,2022-04-17,2022-06-26,15800968,15800968,0,완료,2022Q2
TXN-2023-0007,IBK기업은행,은행,부산,박민준,TCR,TCR-500,2023-05-09,2023-06-18,57810373,57810373,0,완료,2023Q2
TXN-2022-0007,이마트 경기서부지점,유통,경기,정대한,TCR,TCR-200,2022-08-01,2022-10-18,6585441,6585441,0,완료,2022Q3
TXN-2024-0007,우정사업본부 광주남부지점,공공,광주,김철수,발매기,VM-500,2024-07-16,2024-09-12,38587858,38587858,0,완료,2024Q3
TXN-2024-0008,한국도로공사,공공,광주,박민준,자전거시스템,BS-100,2024-12-15,2025-02-26,122640392,122640392,0,완료,2024Q4
TXN-2022-0008,NH농협은행 광주북부지점,은행,광주,최수진,ATM,CD-7000,2022-06-10,2022-08-17,77666507,77666507,5380945,완료,2022Q2
TXN-2022-0009,부산은행 광주강북지점,은행,광주,정대한,TCR,TCR-500,2022-12-06,2023-01-05,19480931,19480931,0,완료,2022Q4
TXN-2024-0009,KB국민은행 경기강남지점,은행,경기,김철수,ATM,ATM-3000,2024-04-25,2024-07-06,79898836,79898836,0,완료,2024Q2
TXN-2023-0008,IBK기업은행,은행,부산,정대한,ATM,CD-5000,2023-02-05,2023-05-04,76709281,76709281,7731342,완료,2023Q1
TXN-2024-0010,KB국민은행 경기강남지점,은행,경기,이영희,TCR,TCR-500,2024-06-12,2024-07-13,18916063,18916063,0,완료,2024Q2
TXN-2024-0011,서울시설공단,공공,서울,한미래,자전거시스템,BS-100,2024-02-13,2024-05-07,212317511,212317511,28948684,완료,2024Q1
TXN-2022-0010,신한은행 서울본부,은행,서울,김철수,TCR,TCR-500,2022-10-19,2023-01-06,83556175,83556175,13205230,완료,2022Q4
TXN-2023-0009,NH농협은행,은행,경기,박민준,TCR,TCR-500,2023-03-04,2023-05-25,22853764,22853764,0,진행중,2023Q1
TXN-2023-0010,국민건강보험공단 인천중부지점,공공,인천,김철수,교통단말,TM-100,2023-04-04,2023-05-15,16872093,16872093,0,완료,2023Q2
TXN-2023-0011,롯데마트 부산본부,유통,부산,최수진,TCR,TCR-500,2023-04-22,2023-06-27,14874631,14874631,0,완료,2023Q2
TXN-2023-0012,하나은행 부산강북지점,은행,부산,한미래,TCR,TCR-500,2023-09-11,2023-10-15,12148909,12148909,0,완료,2023Q3
TXN-2022-0011,한국도로공사 대구강북지점,공공,대구,정대한,발매기,VM-300,2022-12-18,2023-01-21,131472794,131472794,0,완료,2022Q4
TXN-2024-0012,우리은행 대구중부지점,은행,대구,김철수,TCR,TCR-200,2024-06-04,2024-08-27,18973688,18973688,3458583,완료,2024Q2
TXN-2022-0012,신한은행 서울본부,은행,서울,박민준,ATM,CD-5000,2022-11-23,2023-01-28,252037804,0,0,취소,2022Q4
TXN-2022-0013,국민건강보험공단 인천중부지점,공공,인천,이영희,자전거시스템,BS-100,2022-05-17,2022-07-14,377214604,0,0,취소,2022Q2
TXN-2022-0014,NH농협은행,은행,경기,한미래,TCR,TCR-200,2022-12-02,2023-01-12,19798803,19798803,4260905,완료,2022Q4
TXN-2023-0013,서울시설공단 경기북부지점,공공,경기,박민준,발매기,VM-300,2023-06-05,2023-09-01,71487039,71487039,9189167,완료,2023Q2
TXN-2023-0014,서울교통공사,교통,서울,박민준,발매기,VM-300,2023-09-11,2023-11-15,98849167,98849167,0,완료,2023Q3
TXN-2022-0015,BGF리테일,유통,인천,최수진,TCR,TCR-500,2022-03-14,2022-05-25,11823882,11823882,1317748,완료,2022Q1
TXN-2022-0016,경남은행 서울남부지점,은행,서울,최수진,TCR,TCR-200,2022-02-19,2022-05-20,6029069,6029069,1037526,완료,2022Q1
TXN-2022-0017,국민건강보험공단 인천중부지점,공공,인천,이영희,교통단말,TM-100,2022-09-02,2022-10-29,4635905,4635905,0,완료,2022Q3
TXN-2024-0013,KB국민은행,은행,서울,이영희,ATM,CD-5000,2024-02-11,2024-04-12,43985289,0,0,취소,2024Q1
TXN-2022-0018,서울시설공단,공공,서울,한미래,교통단말,TM-100,2022-06-11,2022-08-30,4626686,4626686,1080579,완료,2022Q2
TXN-2022-0019,KB국민은행 서울북부지점,은행,서울,한미래,ATM,ATM-3000,2022-10-03,2022-12-21,68217567,68217567,0,완료,2022Q4
TXN-2022-0020,서울시설공단 부산강남지점,공공,부산,김철수,교통단말,TM-100,2022-09-05,2022-10-07,5402597,5402597,0,진행중,2022Q3
TXN-2023-0015,신한은행 서울본부,은행,서울,최수진,ATM,CD-5000,2023-01-23,2023-04-11,201402669,201402669,0,완료,2023Q1
TXN-2022-0021,하나은행 부산강북지점,은행,부산,박민준,TCR,TCR-500,2022-08-14,2022-09-25,6829331,0,0,취소,2022Q3
TXN-2024-0014,한국철도공사,교통,경기,한미래,발매기,VM-500,2024-02-14,2024-05-03,71833551,71833551,0,진행중,2024Q1
TXN-2022-0022,한국철도공사,교통,경기,박민준,교통단말,TM-100,2022-07-08,2022-08-15,5466081,5466081,0,진행중,2022Q3
TXN-2023-0016,우리은행 부산서부지점,은행,부산,김철수,TCR,TCR-500,2023-01-03,2023-02-08,23580297,23580297,0,완료,2023Q1
TXN-2024-0015,부산은행 대전동부지점,은행,대전,김철수,ATM,CD-7000,2024-12-25,2025-03-22,166512076,166512076,0,완료,2024Q4
TXN-2023-0017,신한은행 대전남부지점,은행,대전,김철수,ATM,CD-5000,2023-10-15,2024-01-12,196935856,196935856,0,진행중,2023Q4
TXN-2024-0016,KB국민은행,은행,서울,김철수,TCR,TCR-200,2024-09-22,2024-10-27,11343167,11343167,0,완료,2024Q3
TXN-2023-0018,KB국민은행,은행,서울,한미래,TCR,TCR-200,2023-12-11,2024-01-28,26018209,26018209,0,완료,2023Q4
TXN-2023-0019,IBK기업은행 인천남부지점,은행,인천,정대한,TCR,TCR-500,2023-03-15,2023-06-10,17533634,17533634,1476646,완료,2023Q1
TXN-2024-0017,KB국민은행 서울북부지점,은행,서울,박민준,TCR,TCR-200,2024-08-07,2024-09-21,10942808,10942808,0,진행중,2024Q3
TXN-2022-0023,이마트,유통,대구,김철수,발매기,VM-500,2022-07-08,2022-09-29,143722355,143722355,0,완료,2022Q3
TXN-2024-0018,서울시설공단 부산강남지점,공공,부산,김철수,발매기,VM-300,2024-06-26,2024-08-13,82454654,82454654,0,진행중,2024Q2
TXN-2023-0020,KB국민은행 경기강남지점,은행,경기,최수진,ATM,ATM-3000,2023-07-24,2023-10-04,56897307,56897307,0,완료,2023Q3
TXN-2022-0024,부산은행 대전동부지점,은행,대전,이영희,ATM,CD-5000,2022-02-23,2022-03-27,89492262,89492262,0,진행중,2022Q1
TXN-2024-0019,국민건강보험공단 인천중부지점,공공,인천,한미래,자전거시스템,BS-100,2024-02-01,2024-03-06,379480810,379480810,0,완료,2024Q1
TXN-2024-0020,이마트 경기서부지점,유통,경기,최수진,발매기,VM-300,2024-08-26,2024-10-29,44410954,44410954,0,완료,2024Q3
TXN-2023-0021,국민건강보험공단 인천중부지점,공공,인천,정대한,발매기,VM-500,2023-07-22,2023-09-20,139337063,0,0,취소,2023Q3
TXN-2022-0025,한국도로공사 대구강북지점,공공,대구,정대한,교통단말,TM-200,2022-02-12,2022-03-26,7492009,7492009,508304,완료,2022Q1
TXN-2023-0022,하나은행,은행,서울,한미래,TCR,TCR-500,2023-03-18,2023-06-04,6016668,6016668,0,완료,2023Q1
TXN-2023-0023,BGF리테일,유통,인천,정대한,TCR,TCR-500,2023-04-08,2023-06-28,16605559,16605559,0,완료,2023Q2
TXN-2023-0024,IBK기업은행 대구본부,은행,대구,정대한,TCR,TCR-500,2023-09-20,2023-11-20,10201173,0,0,취소,2023Q3
TXN-2022-0026,GS리테일 대전북부지점,유통,대전,이영희,발매기,VM-300,2022-05-01,2022-06-05,51172806,51172806,0,진행중,2022Q2
TXN-2023-0025,KB국민은행 경기강남지점,은행,경기,한미래,ATM,ATM-3000,2023-12-18,2024-01-23,119951706,119951706,24190250,완료,2023Q4
TXN-2024-0021,이마트,유통,대구,최수진,발매기,VM-300,2024-01-21,2024-03-13,72064916,72064916,0,완료,2024Q1
TXN-2022-0027,이마트 경기서부지점,유통,경기,한미래,발매기,VM-500,2022-11-26,2023-02-14,97193212,97193212,0,완료,2022Q4
TXN-2023-0026,IBK기업은행,은행,부산,최수진,TCR,TCR-200,2023-05-14,2023-06-22,15225797,0,0,취소,2023Q2
TXN-2022-0028,KB국민은행 서울북부지점,은행,서울,최수진,TCR,TCR-200,2022-11-16,2022-12-31,15991609,15991609,0,완료,2022Q4
TXN-2022-0029,부산교통공사,교통,서울,이영희,교통단말,TM-100,2022-10-13,2023-01-11,7286641,7286641,0,완료,2022Q4
TXN-2022-0030,하나은행 부산강북지점,은행,부산,김철수,ATM,ATM-3000,2022-02-06,2022-03-28,79453142,79453142,0,완료,2022Q1
TXN-2023-0027,우정사업본부,공공,인천,김철수,발매기,VM-300,2023-02-17,2023-04-12,88193685,88193685,0,완료,2023Q1
TXN-2022-0031,부산은행,은행,경기,정대한,TCR,TCR-200,2022-03-09,2022-04-26,9567673,0,0,취소,2022Q1
TXN-2024-0022,GS리테일 대전북부지점,유통,대전,한미래,TCR,TCR-200,2024-06-20,2024-07-24,6339369,6339369,0,완료,2024Q2
TXN-2023-0028,IBK기업은행 대구본부,은행,대구,이영희,ATM,ATM-3000,2023-04-04,2023-05-24,101463836,0,0,취소,2023Q2
TXN-2024-0023,우정사업본부 광주남부지점,공공,광주,최수진,발매기,VM-500,2024-10-07,2024-12-30,57947157,57947157,0,진행중,2024Q4
TXN-2023-0029,경남은행,은행,광주,최수진,ATM,CD-5000,2023-12-01,2024-01-07,121861903,121861903,0,완료,2023Q4
TXN-2024-0024,부산교통공사 인천강북지점,교통,인천,김철수,발매기,VM-300,2024-01-15,2024-03-21,95526464,95526464,0,완료,2024Q1
TXN-2023-0030,한국철도공사 광주중부지점,교통,광주,박민준,교통단말,TM-100,2023-10-24,2024-01-07,3881671,3881671,0,완료,2023Q4
TXN-2024-0025,부산은행 대전동부지점,은행,대전,정대한,ATM,CD-7000,2024-07-09,2024-09-18,85958615,0,0,취소,2024Q3
TXN-2022-0032,IBK기업은행,은행,부산,박민준,TCR,TCR-200,2022-01-22,2022-04-11,13128949,13128949,0,진행중,2022Q1
TXN-2022-0033,대구은행 서울서부지점,은행,서울,박민준,ATM,CD-5000,2022-06-03,2022-08-27,92840427,92840427,4271283,완료,2022Q2
TXN-2024-0026,경남은행,은행,광주,김철수,TCR,TCR-200,2024-07-24,2024-10-22,14220465,14220465,0,완료,2024Q3
TXN-2024-0027,BGF리테일,유통,인천,김철수,TCR,TCR-500,2024-06-27,2024-08-15,15126376,15126376,0,완료,2024Q2
TXN-2022-0034,IBK기업은행,은행,부산,최수진,ATM,CD-7000,2022-07-28,2022-10-12,76672636,76672636,0,완료,2022Q3
TXN-2023-0031,서울교통공사,교통,서울,한미래,교통단말,TM-100,2023-11-08,2024-02-06,6954217,6954217,0,완료,2023Q4
TXN-2024-0028,경남은행 경기본부,은행,경기,최수진,TCR,TCR-200,2024-05-08,2024-07-17,9777104,9777104,0,완료,2024Q2
TXN-2022-0035,국민건강보험공단 인천중부지점,공공,인천,이영희,교통단말,TM-200,2022-04-25,2022-05-29,8324851,8324851,0,완료,2022Q2
TXN-2024-0029,경남은행,은행,광주,이영희,TCR,TCR-200,2024-06-22,2024-07-31,7230520,7230520,0,완료,2024Q2
TXN-2024-0030,이마트 경기서부지점,유통,경기,최수진,발매기,VM-500,2024-09-21,2024-11-13,67040431,67040431,0,완료,2024Q3
TXN-2024-0031,NH농협은행,은행,경기,김철수,ATM,CD-5000,2024-04-16,2024-05-25,88586635,88586635,8341448,완료,2024Q2
TXN-2024-0032,신한은행 서울본부,은행,서울,최수진,ATM,CD-7000,2024-08-11,2024-11-08,94585299,94585299,0,진행중,2024Q3
TXN-2022-0036,경남은행 경기본부,은행,경기,이영희,ATM,CD-5000,2022-03-18,2022-05-16,48004333,0,0,취소,2022Q1
TXN-2023-0032,NH농협은행 광주북부지점,은행,광주,이영희,ATM,CD-7000,2023-08-26,2023-10-27,72346635,0,0,취소,2023Q3
TXN-2023-0033,우리은행 대구중부지점,은행,대구,김철수,TCR,TCR-200,2023-09-06,2023-11-06,35393529,35393529,0,완료,2023Q3
TXN-2023-0034,KB국민은행 서울북부지점,은행,서울,최수진,TCR,TCR-200,2023-04-28,2023-06-24,7618845,7618845,0,진행중,2023Q2
TXN-2023-0035,대구은행,은행,경기,김철수,TCR,TCR-500,2023-01-09,2023-03-05,12066026,12066026,2086540,완료,2023Q1
TXN-2024-0033,부산교통공사,교통,서울,이영희,발매기,VM-500,2024-03-01,2024-04-17,60949034,60949034,0,진행중,2024Q1
TXN-2022-0037,신한은행 대전남부지점,은행,대전,최수진,ATM,CD-7000,2022-07-26,2022-09-19,59668734,0,0,취소,2022Q3
TXN-2023-0036,한국철도공사,교통,경기,한미래,발매기,VM-300,2023-07-17,2023-09-17,80508743,80508743,0,완료,2023Q3
TXN-2022-0038,하나은행,은행,서울,김철수,TCR,TCR-500,2022-07-06,2022-08-14,13805591,13805591,0,완료,2022Q3
TXN-2023-0037,부산은행 대전동부지점,은행,대전,이영희,TCR,TCR-200,2023-08-23,2023-10-31,24551487,24551487,0,완료,2023Q3
TXN-2022-0039,BGF리테일,유통,인천,이영희,발매기,VM-500,2022-08-26,2022-09-26,32706777,32706777,0,완료,2022Q3
TXN-2023-0038,우정사업본부 광주남부지점,공공,광주,한미래,발매기,VM-500,2023-02-20,2023-05-07,34027454,34027454,0,진행중,2023Q1
TXN-2023-0039,우리은행 부산서부지점,은행,부산,최수진,TCR,TCR-500,2023-07-07,2023-09-25,17449520,0,0,취소,2023Q3
TXN-2022-0040,경남은행 서울남부지점,은행,서울,박민준,ATM,ATM-3000,2022-02-12,2022-04-13,47156916,47156916,9073807,완료,2022Q1
TXN-2022-0041,한국도로공사 대구강북지점,공공,대구,정대한,교통단말,TM-100,2022-01-19,2022-04-19,3535095,3535095,0,완료,2022Q1
TXN-2024-0034,서울시설공단,공공,서울,이영희,자전거시스템,BS-100,2024-10-21,2024-12-03,973405880,973405880,0,완료,2024Q4
TXN-2022-0042,서울교통공사 대구강남지점,교통,대구,한미래,교통단말,TM-100,2022-03-16,2022-05-20,1293771,1293771,0,완료,2022Q1
TXN-2024-0035,국민건강보험공단 인천중부지점,공공,인천,박민준,자전거시스템,BS-100,2024-04-10,2024-06-13,637156772,637156772,0,완료,2024Q2
TXN-2024-0036,부산교통공사,교통,서울,정대한,발매기,VM-500,2024-04-08,2024-05-23,80596647,80596647,7782795,완료,2024Q2
TXN-2024-0037,부산은행 광주강북지점,은행,광주,한미래,TCR,TCR-200,2024-09-14,2024-11-14,9753521,9753521,0,완료,2024Q3
TXN-2022-0043,서울교통공사,교통,서울,한미래,발매기,VM-500,2022-11-10,2023-01-22,76244524,76244524,0,완료,2022Q4
TXN-2024-0038,IBK기업은행 대구본부,은행,대구,이영희,TCR,TCR-200,2024-09-16,2024-11-03,19135274,19135274,0,완료,2024Q3
TXN-2022-0044,IBK기업은행,은행,부산,한미래,TCR,TCR-500,2022-09-19,2022-12-10,20570263,20570263,0,완료,2022Q3
TXN-2024-0039,부산은행 광주강북지점,은행,광주,최수진,ATM,CD-7000,2024-10-24,2024-12-30,213838218,213838218,5286502,완료,2024Q4
TXN-2023-0040,NH농협은행 인천강남지점,은행,인천,김철수,ATM,CD-7000,2023-06-28,2023-08-18,63507375,63507375,0,완료,2023Q2
TXN-2023-0041,NH농협은행,은행,경기,정대한,ATM,ATM-3000,2023-09-19,2023-10-29,58639581,0,0,취소,2023Q3
TXN-2024-0040,신한은행 서울본부,은행,서울,한미래,TCR,TCR-500,2024-02-09,2024-04-27,18102380,18102380,0,완료,2024Q1
TXN-2023-0042,롯데마트,유통,서울,최수진,TCR,TCR-200,2023-01-23,2023-04-09,12112553,12112553,0,완료,2023Q1
TXN-2024-0041,하나은행,은행,서울,한미래,TCR,TCR-200,2024-04-28,2024-05-30,14115634,0,0,취소,2024Q2
TXN-2023-0043,서울시설공단 경기북부지점,공공,경기,이영희,자전거시스템,BS-100,2023-02-20,2023-05-16,89632091,0,0,취소,2023Q1
TXN-2023-0044,부산은행 광주강북지점,은행,광주,한미래,ATM,CD-5000,2023-04-06,2023-05-12,151040585,151040585,0,완료,2023Q2
TXN-2022-0045,서울교통공사,교통,서울,박민준,발매기,VM-300,2022-01-05,2022-03-05,40400022,40400022,0,진행중,2022Q1
TXN-2022-0046,GS리테일,유통,서울,정대한,발매기,VM-300,2022-07-03,2022-09-12,37602701,37602701,0,진행중,2022Q3
TXN-2022-0047,우정사업본부,공공,인천,김철수,발매기,VM-500,2022-01-20,2022-03-27,299929401,299929401,0,진행중,2022Q1
TXN-2022-0048,우정사업본부 광주남부지점,공공,광주,김철수,발매기,VM-500,2022-07-13,2022-09-13,102312287,102312287,0,진행중,2022Q3
TXN-2024-0042,롯데마트,유통,서울,이영희,TCR,TCR-200,2024-06-27,2024-08-26,21081256,0,0,취소,2024Q2
TXN-2024-0043,롯데마트,유통,서울,김철수,발매기,VM-500,2024-06-07,2024-08-24,62732350,62732350,6623992,완료,2024Q2
TXN-2022-0049,경남은행 경기본부,은행,경기,박민준,TCR,TCR-500,2022-02-13,2022-03-18,20742154,20742154,0,완료,2022Q1
TXN-2024-0044,우리은행 대구중부지점,은행,대구,김철수,TCR,TCR-200,2024-04-19,2024-07-18,12504398,12504398,2353844,완료,2024Q2
TXN-2024-0045,국민건강보험공단,공공,광주,김철수,교통단말,TM-200,2024-03-22,2024-05-29,4433155,4433155,0,진행중,2024Q1
TXN-2022-0050,한국철도공사,교통,경기,최수진,발매기,VM-300,2022-05-25,2022-08-06,41967132,41967132,0,진행중,2022Q2
TXN-2022-0051,롯데마트 부산본부,유통,부산,한미래,TCR,TCR-500,2022-04-28,2022-06-20,32646617,32646617,5667744,완료,2022Q2
TXN-2022-0052,우리은행,은행,광주,박민준,ATM,ATM-3000,2022-07-01,2022-08-10,58406916,58406916,0,완료,2022Q3
TXN-2023-0045,부산은행 대전동부지점,은행,대전,김철수,ATM,ATM-3000,2023-05-26,2023-06-30,211955976,211955976,0,완료,2023Q2
TXN-2023-0046,하나은행 부산강북지점,은행,부산,김철수,ATM,ATM-3000,2023-01-12,2023-03-19,114769067,114769067,16537040,완료,2023Q1
TXN-2024-0046,한국철도공사 광주중부지점,교통,광주,최수진,발매기,VM-500,2024-06-08,2024-08-24,68745756,68745756,0,진행중,2024Q2
TXN-2022-0053,국민건강보험공단,공공,광주,김철수,자전거시스템,BS-100,2022-02-13,2022-04-18,267944974,267944974,0,진행중,2022Q1
TXN-2024-0047,서울시설공단 경기북부지점,공공,경기,한미래,교통단말,TM-200,2024-09-19,2024-11-14,2921956,2921956,143977,완료,2024Q3
TXN-2024-0048,국민건강보험공단 인천중부지점,공공,인천,최수진,자전거시스템,BS-100,2024-01-08,2024-03-02,133463691,0,0,취소,2024Q1
TXN-2022-0054,하나은행 부산강북지점,은행,부산,한미래,TCR,TCR-500,2022-05-27,2022-08-07,13837959,13837959,0,완료,2022Q2
TXN-2023-0047,부산은행,은행,경기,정대한,ATM,CD-7000,2023-09-03,2023-10-28,83675059,0,0,취소,2023Q3
TXN-2022-0055,부산은행 대전동부지점,은행,대전,최수진,ATM,CD-7000,2022-01-22,2022-03-12,124887801,124887801,0,진행중,2022Q1
TXN-2022-0056,우리은행 대구중부지점,은행,대구,최수진,TCR,TCR-500,2022-10-13,2022-11-27,23628035,23628035,0,진행중,2022Q4
TXN-2023-0048,우리은행 대구중부지점,은행,대구,김철수,ATM,ATM-3000,2023-01-27,2023-02-28,135486992,135486992,0,진행중,2023Q1
TXN-2024-0049,한국철도공사 광주중부지점,교통,광주,이영희,교통단말,TM-100,2024-02-23,2024-03-30,1730929,1730929,0,완료,2024Q1
TXN-2024-0050,하나은행 부산강북지점,은행,부산,최수진,ATM,CD-7000,2024-01-09,2024-03-04,65550658,65550658,0,진행중,2024Q1
TXN-2022-0057,하나은행 부산강북지점,은행,부산,박민준,ATM,CD-7000,2022-10-17,2022-12-04,68298790,68298790,18833742,완료,2022Q4
TXN-2023-0049,경남은행 경기본부,은행,경기,박민준,TCR,TCR-200,2023-03-21,2023-04-29,13415167,13415167,0,완료,2023Q1
TXN-2024-0051,부산은행 대전동부지점,은행,대전,이영희,TCR,TCR-200,2024-01-07,2024-03-14,15374427,15374427,0,완료,2024Q1
TXN-2024-0052,NH농협은행 인천강남지점,은행,인천,최수진,TCR,TCR-500,2024-02-28,2024-04-20,8357149,8357149,0,완료,2024Q1
TXN-2022-0058,우정사업본부 광주남부지점,공공,광주,정대한,자전거시스템,BS-100,2022-09-27,2022-11-15,71053564,71053564,0,완료,2022Q3
TXN-2022-0059,롯데마트 부산본부,유통,부산,박민준,TCR,TCR-500,2022-08-07,2022-09-15,30441081,30441081,0,진행중,2022Q3
TXN-2024-0053,한국철도공사 광주중부지점,교통,광주,한미래,발매기,VM-500,2024-10-19,2024-11-26,104398730,104398730,0,완료,2024Q4
TXN-2023-0050,우정사업본부,공공,인천,이영희,교통단말,TM-200,2023-08-18,2023-09-22,11856848,11856848,0,진행중,2023Q3
TXN-2022-0060,대구은행 서울서부지점,은행,서울,정대한,ATM,CD-5000,2022-09-15,2022-11-22,159560733,159560733,0,완료,2022Q3
TXN-2023-0051,우리은행 부산서부지점,은행,부산,김철수,ATM,CD-5000,2023-08-22,2023-11-18,108206913,108206913,0,완료,2023Q3
TXN-2024-0054,대구은행 대전중부지점,은행,대전,김철수,ATM,ATM-3000,2024-10-18,2025-01-04,117664481,117664481,0,완료,2024Q4
TXN-2023-0052,우정사업본부,공공,인천,최수진,교통단말,TM-200,2023-05-20,2023-07-24,8967632,0,0,취소,2023Q2
TXN-2023-0053,롯데마트,유통,서울,이영희,발매기,VM-500,2023-08-17,2023-10-09,108332304,108332304,0,완료,2023Q3
TXN-2022-0061,NH농협은행 광주북부지점,은행,광주,김철수,TCR,TCR-500,2022-12-28,2023-02-19,35596358,0,0,취소,2022Q4
TXN-2024-0055,이마트,유통,대구,김철수,TCR,TCR-200,2024-10-10,2024-12-14,23164108,23164108,0,완료,2024Q4
TXN-2023-0054,경남은행 경기본부,은행,경기,이영희,ATM,CD-7000,2023-04-12,2023-06-05,44258146,44258146,0,완료,2023Q2
TXN-2024-0056,우정사업본부,공공,인천,박민준,발매기,VM-500,2024-12-26,2025-03-18,211379373,211379373,0,완료,2024Q4
TXN-2022-0062,이마트 경기서부지점,유통,경기,최수진,발매기,VM-300,2022-03-03,2022-04-24,75051550,75051550,0,진행중,2022Q1
TXN-2024-0057,서울시설공단,공공,서울,최수진,자전거시스템,BS-100,2024-11-15,2025-01-18,329821256,0,0,취소,2024Q4
TXN-2023-0055,서울시설공단 경기북부지점,공공,경기,한미래,발매기,VM-300,2023-04-27,2023-05-31,22841722,22841722,0,진행중,2023Q2
TXN-2024-0058,부산은행 광주강북지점,은행,광주,최수진,ATM,CD-5000,2024-05-12,2024-07-21,74519156,74519156,16027518,완료,2024Q2
TXN-2022-0063,신한은행,은행,광주,박민준,TCR,TCR-200,2022-03-27,2022-06-07,8492483,8492483,0,완료,2022Q1
TXN-2023-0056,NH농협은행 인천강남지점,은행,인천,최수진,ATM,CD-7000,2023-08-26,2023-10-21,98275546,98275546,16071109,완료,2023Q3
TXN-2023-0057,GS리테일,유통,서울,한미래,TCR,TCR-500,2023-01-22,2023-04-20,18178800,18178800,0,진행중,2023Q1
TXN-2024-0059,서울시설공단,공공,서울,한미래,발매기,VM-300,2024-04-23,2024-07-01,35660380,35660380,0,완료,2024Q2
TXN-2022-0064,한국철도공사 광주중부지점,교통,광주,김철수,발매기,VM-300,2022-04-12,2022-06-06,88287171,88287171,0,완료,2022Q2
TXN-2022-0065,우정사업본부,공공,인천,최수진,자전거시스템,BS-100,2022-10-22,2023-01-14,690260712,690260712,0,완료,2022Q4
TXN-2024-0060,KB국민은행,은행,서울,이영희,TCR,TCR-500,2024-11-08,2024-12-08,31053975,31053975,0,완료,2024Q4
TXN-2024-0061,IBK기업은행,은행,부산,정대한,TCR,TCR-200,2024-02-11,2024-05-09,25190162,25190162,0,진행중,2024Q1
TXN-2024-0062,하나은행,은행,서울,김철수,TCR,TCR-500,2024-08-06,2024-09-09,17409850,17409850,0,완료,2024Q3
TXN-2023-0058,GS리테일,유통,서울,박민준,TCR,TCR-200,2023-11-22,2024-01-11,24914016,0,0,취소,2023Q4
TXN-2022-0066,신한은행,은행,광주,김철수,ATM,ATM-3000,2022-11-07,2023-02-04,69323066,69323066,0,진행중,2022Q4
TXN-2022-0067,IBK기업은행,은행,부산,김철수,ATM,ATM-3000,2022-04-18,2022-06-11,184361079,184361079,0,진행중,2022Q2
TXN-2023-0059,우정사업본부 광주남부지점,공공,광주,박민준,자전거시스템,BS-100,2023-08-22,2023-11-04,224400400,224400400,0,진행중,2023Q3
TXN-2023-0060,이마트 경기서부지점,유통,경기,박민준,발매기,VM-300,2023-09-21,2023-11-04,70288564,70288564,0,완료,2023Q3
TXN-2023-0061,서울교통공사,교통,서울,정대한,발매기,VM-500,2023-04-25,2023-06-11,28837613,28837613,0,완료,2023Q2
TXN-2024-0063,우리은행 대구중부지점,은행,대구,김철수,TCR,TCR-500,2024-10-13,2024-12-19,17371703,17371703,0,완료,2024Q4
TXN-2023-0062,IBK기업은행,은행,부산,최수진,ATM,ATM-3000,2023-06-09,2023-07-26,164278421,164278421,35547612,완료,2023Q2
TXN-2022-0068,국민건강보험공단 인천중부지점,공공,인천,최수진,자전거시스템,BS-100,2022-06-28,2022-07-28,655050678,655050678,0,완료,2022Q2
TXN-2022-0069,하나은행 부산강북지점,은행,부산,정대한,ATM,CD-7000,2022-06-09,2022-08-05,34897849,34897849,0,완료,2022Q2
TXN-2024-0064,대구은행 서울서부지점,은행,서울,이영희,ATM,CD-7000,2024-06-02,2024-07-07,155900537,155900537,0,완료,2024Q2
TXN-2023-0063,부산교통공사 인천강북지점,교통,인천,정대한,교통단말,TM-200,2023-12-28,2024-03-16,3234361,3234361,877577,완료,2023Q4
TXN-2023-0064,NH농협은행 인천강남지점,은행,인천,한미래,ATM,ATM-3000,2023-11-08,2023-12-16,50856616,50856616,4467141,완료,2023Q4
TXN-2022-0070,대구은행,은행,경기,김철수,TCR,TCR-500,2022-07-04,2022-09-22,8158542,8158542,677101,완료,2022Q3
TXN-2024-0065,우정사업본부,공공,인천,최수진,발매기,VM-300,2024-08-23,2024-09-30,181655645,181655645,0,완료,2024Q3
TXN-2023-0065,부산은행 광주강북지점,은행,광주,이영희,TCR,TCR-500,2023-11-18,2024-01-14,41350196,41350196,0,완료,2023Q4
TXN-2022-0071,하나은행 경기동부지점,은행,경기,한미래,ATM,CD-5000,2022-01-05,2022-04-05,36888422,36888422,0,완료,2022Q1
TXN-2022-0072,IBK기업은행 인천남부지점,은행,인천,김철수,TCR,TCR-500,2022-09-21,2022-12-04,11858203,11858203,0,완료,2022Q3
TXN-2022-0073,경남은행 서울남부지점,은행,서울,정대한,TCR,TCR-500,2022-08-03,2022-10-22,6141230,6141230,0,완료,2022Q3
TXN-2022-0074,NH농협은행,은행,경기,박민준,ATM,ATM-3000,2022-07-23,2022-08-23,72373190,72373190,0,진행중,2022Q3
TXN-2022-0075,대구은행 대전중부지점,은행,대전,박민준,ATM,CD-5000,2022-06-06,2022-08-28,56666900,56666900,0,진행중,2022Q2
TXN-2024-0066,GS리테일 대전북부지점,유통,대전,정대한,발매기,VM-500,2024-09-09,2024-10-28,17303650,17303650,3478246,완료,2024Q3
TXN-2023-0066,BGF리테일 서울동부지점,유통,서울,정대한,TCR,TCR-500,2023-01-18,2023-03-19,19202293,0,0,취소,2023Q1
TXN-2022-0076,경남은행 경기본부,은행,경기,박민준,TCR,TCR-200,2022-05-15,2022-07-07,10925983,10925983,0,진행중,2022Q2
TXN-2022-0077,BGF리테일 서울동부지점,유통,서울,정대한,TCR,TCR-200,2022-01-06,2022-03-19,11084054,11084054,0,진행중,2022Q1
TXN-2023-0067,국민건강보험공단 인천중부지점,공공,인천,김철수,발매기,VM-300,2023-10-16,2023-12-26,230377484,230377484,0,완료,2023Q4
TXN-2023-0068,신한은행 서울본부,은행,서울,정대한,TCR,TCR-200,2023-09-11,2023-10-27,14834056,14834056,3361209,완료,2023Q3
TXN-2024-0067,대구은행 서울서부지점,은행,서울,최수진,ATM,CD-5000,2024-05-04,2024-07-02,77111106,77111106,0,완료,2024Q2
TXN-2022-0078,서울시설공단 부산강남지점,공공,부산,박민준,자전거시스템,BS-100,2022-06-15,2022-08-02,105599911,105599911,0,완료,2022Q2
TXN-2022-0079,대구은행 대전중부지점,은행,대전,김철수,ATM,CD-5000,2022-09-11,2022-11-09,108550073,108550073,0,완료,2022Q3
TXN-2023-0069,부산은행 대전동부지점,은행,대전,이영희,ATM,CD-5000,2023-08-22,2023-10-19,108531351,108531351,0,진행중,2023Q3
TXN-2023-0070,롯데마트,유통,서울,이영희,TCR,TCR-200,2023-03-10,2023-05-20,13242844,13242844,0,진행중,2023Q1
TXN-2023-0071,NH농협은행,은행,경기,정대한,ATM,ATM-3000,2023-09-06,2023-10-16,43861009,43861009,0,완료,2023Q3
TXN-2023-0072,KB국민은행 경기강남지점,은행,경기,박민준,TCR,TCR-200,2023-11-16,2024-01-27,27939975,27939975,0,완료,2023Q4
TXN-2022-0080,KB국민은행,은행,서울,최수진,ATM,CD-5000,2022-03-15,2022-05-08,41056579,41056579,2968015,완료,2022Q1
TXN-2022-0081,GS리테일,유통,서울,최수진,TCR,TCR-200,2022-09-04,2022-11-07,5135733,5135733,0,진행중,2022Q3
TXN-2022-0082,서울시설공단,공공,서울,이영희,자전거시스템,BS-100,2022-01-21,2022-04-16,170398275,170398275,0,완료,2022Q1
TXN-2023-0073,대구은행 대전중부지점,은행,대전,이영희,TCR,TCR-500,2023-02-09,2023-04-02,13988799,13988799,0,완료,2023Q1
TXN-2023-0074,우리은행 대구중부지점,은행,대구,김철수,TCR,TCR-200,2023-11-27,2024-01-16,40049167,40049167,3947253,완료,2023Q4
TXN-2023-0075,서울시설공단,공공,서울,최수진,발매기,VM-500,2023-09-22,2023-10-30,223623215,223623215,0,완료,2023Q3
TXN-2023-0076,KB국민은행 경기강남지점,은행,경기,박민준,ATM,ATM-3000,2023-02-27,2023-04-16,39656347,39656347,4014340,완료,2023Q1
TXN-2024-0068,우리은행 대구중부지점,은행,대구,김철수,TCR,TCR-200,2024-09-18,2024-10-30,8659641,8659641,0,완료,2024Q3
TXN-2024-0069,대구은행 대전중부지점,은행,대전,박민준,TCR,TCR-500,2024-10-09,2024-12-04,10767486,10767486,0,완료,2024Q4
TXN-2022-0083,하나은행 부산강북지점,은행,부산,김철수,ATM,CD-7000,2022-01-08,2022-02-24,105721405,105721405,9907616,완료,2022Q1
TXN-2022-0084,서울교통공사 대구강남지점,교통,대구,박민준,발매기,VM-300,2022-12-11,2023-01-27,149713877,149713877,0,완료,2022Q4
TXN-2022-0085,신한은행 대전남부지점,은행,대전,이영희,ATM,ATM-3000,2022-03-06,2022-04-18,81222577,81222577,0,완료,2022Q1
TXN-2022-0086,NH농협은행,은행,경기,정대한,ATM,CD-5000,2022-11-07,2022-12-09,102078653,102078653,0,진행중,2022Q4
TXN-2024-0070,하나은행 부산강북지점,은행,부산,이영희,ATM,CD-5000,2024-04-20,2024-05-27,87395338,87395338,0,진행중,2024Q2
TXN-2023-0077,서울교통공사 대구강남지점,교통,대구,김철수,발매기,VM-500,2023-10-26,2023-12-03,71304066,71304066,0,완료,2023Q4
TXN-2024-0071,한국철도공사 광주중부지점,교통,광주,정대한,발매기,VM-500,2024-11-20,2024-12-30,62808472,62808472,0,완료,2024Q4
TXN-2023-0078,BGF리테일 서울동부지점,유통,서울,이영희,발매기,VM-300,2023-06-04,2023-08-21,52442585,52442585,0,완료,2023Q2
TXN-2023-0079,부산은행 광주강북지점,은행,광주,한미래,ATM,ATM-3000,2023-01-04,2023-02-18,151613665,151613665,0,진행중,2023Q1
TXN-2022-0087,대구은행,은행,경기,이영희,ATM,ATM-3000,2022-12-23,2023-01-31,117335460,117335460,0,완료,2022Q4
TXN-2023-0080,GS리테일,유통,서울,이영희,발매기,VM-300,2023-12-08,2024-03-03,179294559,179294559,0,완료,2023Q4
TXN-2023-0081,신한은행 서울본부,은행,서울,정대한,TCR,TCR-500,2023-11-08,2023-12-28,29143350,0,0,취소,2023Q4
TXN-2024-0072,경남은행 경기본부,은행,경기,정대한,ATM,ATM-3000,2024-04-19,2024-06-28,51637020,0,0,취소,2024Q2
TXN-2024-0073,국민건강보험공단 인천중부지점,공공,인천,이영희,교통단말,TM-200,2024-11-03,2024-12-30,15933164,15933164,0,완료,2024Q4
TXN-2023-0082,NH농협은행 광주북부지점,은행,광주,이영희,TCR,TCR-500,2023-02-03,2023-03-13,23591288,23591288,0,완료,2023Q1
TXN-2023-0083,NH농협은행 광주북부지점,은행,광주,이영희,ATM,CD-7000,2023-05-06,2023-07-25,89710357,89710357,0,완료,2023Q2
TXN-2024-0074,신한은행,은행,광주,한미래,ATM,CD-5000,2024-08-11,2024-10-07,39763658,39763658,8338107,완료,2024Q3
TXN-2023-0084,부산은행,은행,경기,최수진,ATM,CD-5000,2023-04-26,2023-06-18,40152114,40152114,4731311,완료,2023Q2
TXN-2024-0075,NH농협은행 인천강남지점,은행,인천,김철수,TCR,TCR-500,2024-04-10,2024-06-27,15768841,15768841,0,진행중,2024Q2
TXN-2022-0088,우정사업본부,공공,인천,최수진,발매기,VM-300,2022-10-01,2022-11-30,119607351,119607351,21788518,완료,2022Q4
TXN-2024-0076,부산은행 대전동부지점,은행,대전,이영희,ATM,ATM-3000,2024-08-18,2024-09-24,146903710,146903710,0,완료,2024Q3
TXN-2023-0085,KB국민은행 경기강남지점,은행,경기,김철수,ATM,CD-7000,2023-02-20,2023-05-07,91414517,91414517,0,완료,2023Q1
TXN-2023-0086,NH농협은행,은행,경기,이영희,TCR,TCR-200,2023-12-16,2024-03-07,41001512,41001512,0,완료,2023Q4
TXN-2022-0089,부산은행,은행,경기,한미래,ATM,CD-7000,2022-07-03,2022-08-02,36018316,36018316,0,완료,2022Q3
TXN-2024-0077,경남은행,은행,광주,이영희,ATM,ATM-3000,2024-08-20,2024-11-16,70832737,70832737,0,진행중,2024Q3
TXN-2024-0078,신한은행 서울본부,은행,서울,최수진,ATM,CD-7000,2024-12-08,2025-01-15,192252909,192252909,0,진행중,2024Q4
TXN-2023-0087,롯데마트 부산본부,유통,부산,박민준,발매기,VM-500,2023-02-18,2023-04-09,179400556,0,0,취소,2023Q1
TXN-2022-0090,부산교통공사 인천강북지점,교통,인천,김철수,교통단말,TM-100,2022-07-15,2022-09-21,3139863,3139863,0,완료,2022Q3
TXN-2024-0079,BGF리테일,유통,인천,한미래,TCR,TCR-500,2024-12-20,2025-02-26,8255876,8255876,0,완료,2024Q4
TXN-2022-0091,롯데마트 부산본부,유통,부산,이영희,TCR,TCR-200,2022-06-23,2022-07-30,47148980,47148980,9196119,완료,2022Q2
TXN-2024-0080,IBK기업은행,은행,부산,한미래,ATM,CD-5000,2024-06-14,2024-07-22,83312168,0,0,취소,2024Q2
TXN-2022-0092,신한은행 서울본부,은행,서울,정대한,TCR,TCR-500,2022-04-05,2022-05-16,11451864,11451864,0,완료,2022Q2
TXN-2023-0088,대구은행 대전중부지점,은행,대전,정대한,ATM,ATM-3000,2023-10-27,2023-12-12,114903923,114903923,31891353,완료,2023Q4
TXN-2024-0081,부산은행 광주강북지점,은행,광주,이영희,TCR,TCR-500,2024-01-03,2024-02-27,47413962,47413962,7851932,완료,2024Q1
TXN-2024-0082,한국도로공사 대구강북지점,공공,대구,김철수,자전거시스템,BS-100,2024-02-14,2024-03-28,889181984,889181984,0,완료,2024Q1
TXN-2023-0089,경남은행,은행,광주,이영희,ATM,CD-5000,2023-04-09,2023-06-24,82627818,82627818,0,완료,2023Q2
TXN-2022-0093,우정사업본부,공공,인천,김철수,자전거시스템,BS-100,2022-05-06,2022-07-13,552064114,552064114,112159044,완료,2022Q2
TXN-2023-0090,국민건강보험공단 인천중부지점,공공,인천,김철수,교통단말,TM-100,2023-01-18,2023-02-27,17124442,17124442,0,진행중,2023Q1
TXN-2023-0091,NH농협은행 광주북부지점,은행,광주,이영희,TCR,TCR-200,2023-09-24,2023-12-10,27729048,27729048,0,완료,2023Q3
TXN-2022-0094,GS리테일,유통,서울,한미래,TCR,TCR-500,2022-05-01,2022-06-17,5796489,5796489,0,진행중,2022Q2
TXN-2024-0083,부산은행 대전동부지점,은행,대전,김철수,ATM,CD-5000,2024-01-13,2024-03-06,224869989,224869989,58289524,완료,2024Q1
TXN-2024-0084,서울시설공단,공공,서울,김철수,교통단말,TM-100,2024-02-06,2024-04-08,7371008,7371008,1909237,완료,2024Q1
TXN-2022-0095,신한은행,은행,광주,김철수,TCR,TCR-500,2022-06-14,2022-07-25,27399561,0,0,취소,2022Q2
TXN-2023-0092,부산은행 광주강북지점,은행,광주,정대한,TCR,TCR-200,2023-02-06,2023-04-03,43892485,43892485,0,완료,2023Q1
TXN-2023-0093,롯데마트,유통,서울,정대한,발매기,VM-300,2023-01-11,2023-04-08,47754557,47754557,3568395,완료,2023Q1
TXN-2023-0094,부산은행 대전동부지점,은행,대전,김철수,TCR,TCR-200,2023-06-11,2023-09-04,53797682,53797682,0,진행중,2023Q2
TXN-2022-0096,GS리테일,유통,서울,정대한,발매기,VM-300,2022-11-13,2022-12-13,49228170,49228170,0,완료,2022Q4
TXN-2022-0097,BGF리테일,유통,인천,정대한,TCR,TCR-500,2022-03-11,2022-05-11,8382198,8382198,0,완료,2022Q1
TXN-2024-0085,서울교통공사 대구강남지점,교통,대구,최수진,교통단말,TM-100,2024-02-11,2024-04-07,4040426,4040426,674945,완료,2024Q1
TXN-2024-0086,국민건강보험공단 인천중부지점,공공,인천,최수진,교통단말,TM-200,2024-07-10,2024-09-20,2163033,2163033,0,완료,2024Q3
TXN-2024-0087,롯데마트 부산본부,유통,부산,이영희,TCR,TCR-200,2024-08-08,2024-09-10,12918747,12918747,0,완료,2024Q3
TXN-2023-0095,대구은행,은행,경기,김철수,ATM,CD-7000,2023-11-15,2024-01-17,163728839,163728839,0,진행중,2023Q4
TXN-2024-0088,신한은행 서울본부,은행,서울,한미래,TCR,TCR-200,2024-02-10,2024-04-12,32348910,32348910,8015711,완료,2024Q1
TXN-2024-0089,IBK기업은행,은행,부산,박민준,TCR,TCR-200,2024-01-16,2024-03-02,28300570,28300570,0,완료,2024Q1
TXN-2023-0096,부산은행 광주강북지점,은행,광주,이영희,TCR,TCR-500,2023-11-08,2023-12-22,50461227,50461227,3471059,완료,2023Q4
TXN-2023-0097,서울교통공사 대구강남지점,교통,대구,박민준,교통단말,TM-100,2023-03-14,2023-05-12,5401214,5401214,0,완료,2023Q1
TXN-2024-0090,부산은행,은행,경기,이영희,ATM,CD-5000,2024-09-07,2024-10-23,77226951,77226951,0,완료,2024Q3
TXN-2024-0091,IBK기업은행,은행,부산,정대한,TCR,TCR-200,2024-07-23,2024-10-15,19862529,19862529,0,완료,2024Q3
TXN-2024-0092,IBK기업은행,은행,부산,김철수,TCR,TCR-500,2024-01-24,2024-04-06,29439941,29439941,7295982,완료,2024Q1
TXN-2023-0098,서울시설공단,공공,서울,한미래,자전거시스템,BS-100,2023-03-23,2023-04-28,658260982,658260982,0,완료,2023Q1
TXN-2023-0099,대구은행,은행,경기,김철수,ATM,CD-7000,2023-11-02,2023-12-27,204762716,204762716,0,완료,2023Q4
TXN-2023-0100,한국도로공사 대구강북지점,공공,대구,최수진,발매기,VM-500,2023-08-13,2023-09-16,167331588,0,0,취소,2023Q3
TXN-2023-0101,KB국민은행,은행,서울,김철수,TCR,TCR-200,2023-05-28,2023-08-20,9244484,9244484,0,완료,2023Q2
TXN-2024-0093,롯데마트,유통,서울,김철수,발매기,VM-300,2024-08-20,2024-10-25,100231092,100231092,0,완료,2024Q3
TXN-2023-0102,이마트 경기서부지점,유통,경기,박민준,발매기,VM-500,2023-06-17,2023-07-30,82080912,82080912,0,완료,2023Q2
TXN-2024-0094,GS리테일,유통,서울,이영희,TCR,TCR-200,2024-10-05,2024-12-13,33102395,33102395,3163943,완료,2024Q4
TXN-2024-0095,신한은행 서울본부,은행,서울,박민준,ATM,CD-7000,2024-08-12,2024-09-19,129341179,129341179,0,완료,2024Q3
TXN-2024-0096,국민건강보험공단 인천중부지점,공공,인천,정대한,교통단말,TM-100,2024-11-24,2025-02-12,3460755,0,0,취소,2024Q4
TXN-2024-0097,BGF리테일 서울동부지점,유통,서울,박민준,발매기,VM-500,2024-08-21,2024-10-22,102423715,0,0,취소,2024Q3
TXN-2023-0103,롯데마트,유통,서울,김철수,TCR,TCR-500,2023-07-12,2023-08-12,19967097,19967097,0,완료,2023Q3
TXN-2023-0104,서울교통공사 대구강남지점,교통,대구,김철수,발매기,VM-500,2023-02-06,2023-03-22,147909041,147909041,0,진행중,2023Q1
TXN-2023-0105,경남은행 서울남부지점,은행,서울,김철수,ATM,CD-5000,2023-10-23,2024-01-11,154792941,154792941,0,완료,2023Q4
TXN-2022-0098,우리은행,은행,광주,한미래,ATM,ATM-3000,2022-10-24,2023-01-13,65158486,65158486,0,진행중,2022Q4
TXN-2022-0099,신한은행 서울본부,은행,서울,한미래,ATM,CD-7000,2022-01-25,2022-03-16,145372777,145372777,0,완료,2022Q1
TXN-2022-0100,GS리테일 대전북부지점,유통,대전,한미래,TCR,TCR-500,2022-04-24,2022-06-29,10189579,0,0,취소,2022Q2
TXN-2023-0106,대구은행,은행,경기,한미래,TCR,TCR-500,2023-10-26,2023-11-27,26324981,26324981,2039154,완료,2023Q4
TXN-2022-0101,국민건강보험공단,공공,광주,박민준,교통단말,TM-200,2022-08-22,2022-10-03,5098493,0,0,취소,2022Q3
TXN-2023-0107,한국철도공사 광주중부지점,교통,광주,이영희,교통단말,TM-200,2023-01-21,2023-03-01,4465301,4465301,0,완료,2023Q1
TXN-2022-0102,부산은행 광주강북지점,은행,광주,정대한,TCR,TCR-200,2022-06-16,2022-09-14,32523768,32523768,0,완료,2022Q2
TXN-2023-0108,서울시설공단 부산강남지점,공공,부산,이영희,자전거시스템,BS-100,2023-11-25,2024-02-09,181246711,0,0,취소,2023Q4
TXN-2023-0109,부산은행 광주강북지점,은행,광주,정대한,TCR,TCR-500,2023-05-27,2023-07-31,34649636,34649636,0,완료,2023Q2
TXN-2022-0103,부산은행 광주강북지점,은행,광주,정대한,ATM,ATM-3000,2022-07-03,2022-08-13,75294841,75294841,0,완료,2022Q3
TXN-2023-0110,롯데마트 부산본부,유통,부산,이영희,TCR,TCR-200,2023-05-22,2023-08-20,30239876,0,0,취소,2023Q2
TXN-2023-0111,경남은행 경기본부,은행,경기,정대한,ATM,CD-7000,2023-06-14,2023-09-10,47891003,47891003,0,완료,2023Q2
TXN-2023-0112,한국도로공사 대구강북지점,공공,대구,최수진,교통단말,TM-200,2023-04-22,2023-07-08,4043061,4043061,447061,완료,2023Q2
TXN-2024-0098,롯데마트,유통,서울,최수진,TCR,TCR-500,2024-05-23,2024-07-08,17571243,17571243,3707902,완료,2024Q2
TXN-2023-0113,부산교통공사,교통,서울,정대한,교통단말,TM-100,2023-08-03,2023-10-18,2048177,2048177,0,완료,2023Q3
TXN-2024-0099,경남은행,은행,광주,이영희,TCR,TCR-500,2024-10-11,2024-11-16,33998125,33998125,0,완료,2024Q4
TXN-2024-0100,부산교통공사 인천강북지점,교통,인천,박민준,교통단말,TM-100,2024-02-09,2024-04-30,4058036,4058036,0,완료,2024Q1
TXN-2022-0104,BGF리테일,유통,인천,이영희,TCR,TCR-200,2022-04-18,2022-07-13,19860434,19860434,0,완료,2022Q2
TXN-2022-0105,이마트 경기서부지점,유통,경기,박민준,TCR,TCR-500,2022-04-12,2022-06-20,6814404,6814404,0,완료,2022Q2
TXN-2024-0101,BGF리테일 서울동부지점,유통,서울,이영희,TCR,TCR-500,2024-03-24,2024-04-29,20977437,20977437,0,완료,2024Q1
TXN-2024-0102,경남은행 서울남부지점,은행,서울,이영희,TCR,TCR-500,2024-07-08,2024-08-13,13912259,13912259,2445959,완료,2024Q3
TXN-2024-0103,KB국민은행 서울북부지점,은행,서울,김철수,TCR,TCR-200,2024-08-14,2024-10-01,18274561,18274561,0,완료,2024Q3
TXN-2022-0106,한국도로공사 대구강북지점,공공,대구,박민준,교통단말,TM-100,2022-06-18,2022-08-27,3226230,3226230,108922,완료,2022Q2
TXN-2023-0114,KB국민은행 서울북부지점,은행,서울,이영희,TCR,TCR-500,2023-01-10,2023-03-23,18199719,18199719,3569715,완료,2023Q1
TXN-2024-0104,신한은행 서울본부,은행,서울,이영희,TCR,TCR-500,2024-04-27,2024-05-29,29380993,29380993,4256330,완료,2024Q2
TXN-2022-0107,국민건강보험공단,공공,광주,김철수,교통단말,TM-100,2022-03-21,2022-06-01,1321882,1321882,0,진행중,2022Q1
TXN-2024-0105,IBK기업은행,은행,부산,최수진,TCR,TCR-200,2024-11-04,2025-01-26,39956705,39956705,0,완료,2024Q4
TXN-2022-0108,부산은행 대전동부지점,은행,대전,한미래,TCR,TCR-200,2022-11-07,2022-12-12,64344358,64344358,0,완료,2022Q4
TXN-2022-0109,하나은행 경기동부지점,은행,경기,김철수,ATM,CD-7000,2022-05-13,2022-07-10,87528961,0,0,취소,2022Q2
TXN-2024-0106,서울시설공단,공공,서울,한미래,교통단말,TM-100,2024-10-12,2024-12-08,9048470,9048470,1883044,완료,2024Q4
TXN-2023-0115,한국도로공사,공공,광주,정대한,교통단말,TM-200,2023-12-08,2024-02-22,3668660,3668660,0,완료,2023Q4
TXN-2023-0116,IBK기업은행,은행,부산,이영희,TCR,TCR-500,2023-11-15,2024-01-17,45977577,45977577,0,진행중,2023Q4
TXN-2022-0110,우리은행 대구중부지점,은행,대구,한미래,TCR,TCR-200,2022-03-18,2022-04-26,10793368,10793368,0,완료,2022Q1
TXN-2022-0111,경남은행 경기본부,은행,경기,한미래,ATM,CD-7000,2022-06-01,2022-07-07,28552890,28552890,0,완료,2022Q2
TXN-2023-0117,우리은행 부산서부지점,은행,부산,한미래,TCR,TCR-500,2023-05-24,2023-07-24,5522276,5522276,0,완료,2023Q2
TXN-2024-0107,IBK기업은행 인천남부지점,은행,인천,김철수,TCR,TCR-200,2024-05-27,2024-08-08,25843463,25843463,0,완료,2024Q2
TXN-2024-0108,하나은행,은행,서울,한미래,TCR,TCR-200,2024-02-05,2024-04-05,13244058,13244058,0,완료,2024Q1
TXN-2022-0112,IBK기업은행 대구본부,은행,대구,김철수,TCR,TCR-500,2022-04-08,2022-06-08,24590971,24590971,0,완료,2022Q2
TXN-2024-0109,GS리테일 대전북부지점,유통,대전,한미래,TCR,TCR-200,2024-03-19,2024-06-04,6951559,6951559,0,완료,2024Q1
TXN-2024-0110,신한은행 대전남부지점,은행,대전,김철수,TCR,TCR-200,2024-08-11,2024-09-23,26263466,26263466,0,완료,2024Q3
TXN-2022-0113,신한은행 서울본부,은행,서울,박민준,TCR,TCR-200,2022-08-07,2022-09-16,19365481,19365481,4178589,완료,2022Q3
TXN-2022-0114,신한은행 서울본부,은행,서울,정대한,ATM,CD-7000,2022-01-09,2022-04-02,166373914,166373914,4444176,완료,2022Q1
TXN-2024-0111,KB국민은행,은행,서울,김철수,TCR,TCR-200,2024-06-07,2024-08-28,13905659,13905659,0,완료,2024Q2
TXN-2024-0112,신한은행 서울본부,은행,서울,한미래,ATM,CD-7000,2024-08-26,2024-11-02,132543525,132543525,0,완료,2024Q3
TXN-2023-0118,대구은행 대전중부지점,은행,대전,박민준,TCR,TCR-500,2023-07-17,2023-10-12,12963580,12963580,3253241,완료,2023Q3
TXN-2023-0119,IBK기업은행,은행,부산,김철수,ATM,CD-7000,2023-12-17,2024-03-05,215621705,215621705,0,진행중,2023Q4
TXN-2023-0120,대구은행 대전중부지점,은행,대전,정대한,ATM,ATM-3000,2023-01-09,2023-03-21,84294068,84294068,0,완료,2023Q1
TXN-2024-0113,KB국민은행,은행,서울,정대한,ATM,CD-5000,2024-05-25,2024-08-04,53136944,0,0,취소,2024Q2
TXN-2022-0115,서울시설공단,공공,서울,정대한,교통단말,TM-200,2022-09-08,2022-12-07,9848881,9848881,0,완료,2022Q3
TXN-2022-0116,경남은행 서울남부지점,은행,서울,최수진,TCR,TCR-500,2022-01-08,2022-03-08,10781324,10781324,0,진행중,2022Q1
TXN-2023-0121,우정사업본부,공공,인천,박민준,발매기,VM-500,2023-04-22,2023-05-22,106678047,106678047,0,완료,2023Q2
TXN-2023-0122,국민건강보험공단 인천중부지점,공공,인천,정대한,자전거시스템,BS-100,2023-04-13,2023-05-19,268852163,268852163,0,완료,2023Q2
TXN-2023-0123,서울교통공사,교통,서울,김철수,발매기,VM-500,2023-07-10,2023-09-23,154783116,154783116,0,완료,2023Q3
TXN-2024-0114,국민건강보험공단 인천중부지점,공공,인천,김철수,발매기,VM-300,2024-01-23,2024-04-13,324156600,324156600,0,진행중,2024Q1
TXN-2022-0117,하나은행 경기동부지점,은행,경기,정대한,TCR,TCR-500,2022-01-13,2022-03-30,14526208,14526208,2240495,완료,2022Q1
TXN-2023-0124,BGF리테일,유통,인천,한미래,발매기,VM-500,2023-09-28,2023-12-04,50564849,50564849,0,진행중,2023Q3
TXN-2024-0115,BGF리테일 서울동부지점,유통,서울,박민준,TCR,TCR-500,2024-07-14,2024-08-27,19094398,19094398,0,진행중,2024Q3
TXN-2022-0118,GS리테일 대전북부지점,유통,대전,최수진,발매기,VM-500,2022-06-07,2022-08-30,34510323,34510323,6926506,완료,2022Q2
TXN-2024-0116,대구은행 서울서부지점,은행,서울,이영희,TCR,TCR-200,2024-04-12,2024-06-27,18875311,18875311,0,진행중,2024Q2
TXN-2022-0119,한국철도공사 광주중부지점,교통,광주,정대한,교통단말,TM-200,2022-10-13,2022-11-26,5640016,5640016,0,완료,2022Q4
TXN-2022-0120,롯데마트 부산본부,유통,부산,이영희,발매기,VM-500,2022-11-08,2022-12-26,150295364,150295364,0,완료,2022Q4
TXN-2022-0121,부산은행,은행,경기,김철수,ATM,CD-5000,2022-04-22,2022-06-23,78951020,78951020,0,진행중,2022Q2
TXN-2024-0117,부산은행,은행,경기,최수진,TCR,TCR-500,2024-09-17,2024-12-10,13914345,13914345,4143425,완료,2024Q3
TXN-2022-0122,서울교통공사,교통,서울,한미래,발매기,VM-300,2022-01-26,2022-04-11,50028292,50028292,1672712,완료,2022Q1
TXN-2023-0125,롯데마트,유통,서울,한미래,발매기,VM-300,2023-09-11,2023-10-28,42481345,42481345,9954537,완료,2023Q3
TXN-2023-0126,경남은행 경기본부,은행,경기,김철수,ATM,CD-7000,2023-02-19,2023-04-30,74972097,74972097,0,완료,2023Q1
TXN-2024-0118,KB국민은행 경기강남지점,은행,경기,박민준,ATM,CD-7000,2024-02-18,2024-05-04,47771821,47771821,0,완료,2024Q1
TXN-2024-0119,신한은행,은행,광주,이영희,ATM,CD-7000,2024-09-19,2024-11-28,71485208,71485208,0,완료,2024Q3
TXN-2023-0127,국민건강보험공단,공공,광주,한미래,자전거시스템,BS-100,2023-08-02,2023-10-03,167403881,167403881,0,완료,2023Q3
TXN-2024-0120,서울시설공단,공공,서울,정대한,자전거시스템,BS-100,2024-02-01,2024-04-04,334218059,334218059,0,완료,2024Q1
TXN-2023-0128,서울교통공사,교통,서울,한미래,교통단말,TM-200,2023-04-12,2023-06-12,3247516,0,0,취소,2023Q2
TXN-2023-0129,부산교통공사,교통,서울,김철수,발매기,VM-300,2023-03-04,2023-05-19,112479306,112479306,0,완료,2023Q1
TXN-2022-0123,한국도로공사,공공,광주,김철수,발매기,VM-300,2022-06-21,2022-09-04,52379684,52379684,0,완료,2022Q2
TXN-2022-0124,하나은행,은행,서울,한미래,TCR,TCR-200,2022-06-24,2022-07-27,14793785,14793785,0,완료,2022Q2
TXN-2024-0121,국민건강보험공단 인천중부지점,공공,인천,김철수,발매기,VM-300,2024-03-23,2024-05-16,303193884,303193884,25254263,완료,2024Q1
TXN-2022-0125,BGF리테일 서울동부지점,유통,서울,김철수,TCR,TCR-500,2022-12-10,2023-01-15,13216630,13216630,0,완료,2022Q4
TXN-2023-0130,GS리테일,유통,서울,최수진,TCR,TCR-500,2023-01-17,2023-02-22,16575476,16575476,0,진행중,2023Q1
TXN-2024-0122,부산은행 대전동부지점,은행,대전,최수진,TCR,TCR-200,2024-12-16,2025-02-15,45801551,45801551,0,진행중,2024Q4
TXN-2023-0131,서울시설공단,공공,서울,김철수,자전거시스템,BS-100,2023-03-17,2023-05-12,663050418,663050418,14207615,완료,2023Q1
TXN-2024-0123,NH농협은행 광주북부지점,은행,광주,김철수,TCR,TCR-500,2024-05-06,2024-06-05,22721118,22721118,0,완료,2024Q2
TXN-2024-0124,NH농협은행 인천강남지점,은행,인천,정대한,TCR,TCR-200,2024-08-08,2024-10-26,8635156,0,0,취소,2024Q3
TXN-2023-0132,부산은행 대전동부지점,은행,대전,최수진,ATM,CD-5000,2023-07-13,2023-09-10,131358841,131358841,0,완료,2023Q3
TXN-2023-0133,BGF리테일,유통,인천,박민준,TCR,TCR-200,2023-12-09,2024-03-02,10173638,10173638,0,진행중,2023Q4
TXN-2023-0134,BGF리테일,유통,인천,정대한,발매기,VM-500,2023-06-28,2023-08-03,63843162,63843162,0,진행중,2023Q2
TXN-2023-0135,하나은행 경기동부지점,은행,경기,한미래,ATM,CD-7000,2023-11-21,2023-12-31,117430745,117430745,0,완료,2023Q4
TXN-2022-0126,IBK기업은행 대구본부,은행,대구,한미래,TCR,TCR-200,2022-09-02,2022-10-23,9454648,9454648,1193417,완료,2022Q3
TXN-2022-0127,대구은행 대전중부지점,은행,대전,김철수,TCR,TCR-500,2022-11-02,2023-01-12,15243068,15243068,0,진행중,2022Q4
TXN-2024-0125,IBK기업은행 대구본부,은행,대구,김철수,ATM,ATM-3000,2024-12-10,2025-03-10,117205020,117205020,0,진행중,2024Q4
TXN-2023-0136,KB국민은행 서울북부지점,은행,서울,김철수,TCR,TCR-500,2023-10-05,2023-11-28,20767613,20767613,0,완료,2023Q4
TXN-2023-0137,한국도로공사 대구강북지점,공공,대구,정대한,발매기,VM-300,2023-08-17,2023-10-17,142312878,142312878,18397132,완료,2023Q3
TXN-2024-0126,하나은행,은행,서울,김철수,TCR,TCR-200,2024-10-24,2025-01-05,34138758,34138758,0,진행중,2024Q4
TXN-2022-0128,부산은행 대전동부지점,은행,대전,정대한,ATM,ATM-3000,2022-07-19,2022-09-20,99241460,99241460,0,진행중,2022Q3
TXN-2024-0127,부산은행 대전동부지점,은행,대전,최수진,ATM,CD-5000,2024-05-23,2024-07-07,142998970,142998970,0,완료,2024Q2
TXN-2024-0128,국민건강보험공단 인천중부지점,공공,인천,최수진,교통단말,TM-100,2024-11-04,2025-02-01,16186790,16186790,4146492,완료,2024Q4
TXN-2024-0129,하나은행 경기동부지점,은행,경기,정대한,ATM,CD-5000,2024-04-17,2024-06-07,65628791,65628791,0,완료,2024Q2
TXN-2023-0138,우리은행,은행,광주,김철수,TCR,TCR-500,2023-10-02,2023-11-06,40007269,40007269,0,진행중,2023Q4
TXN-2022-0129,우리은행 대구중부지점,은행,대구,정대한,TCR,TCR-200,2022-10-07,2022-12-04,27328210,27328210,0,진행중,2022Q4
TXN-2024-0130,이마트,유통,대구,한미래,TCR,TCR-200,2024-01-28,2024-02-29,15675796,15675796,0,완료,2024Q1
TXN-2024-0131,신한은행,은행,광주,김철수,TCR,TCR-200,2024-06-23,2024-08-21,9186635,9186635,0,완료,2024Q2
TXN-2022-0130,부산교통공사,교통,서울,김철수,교통단말,TM-200,2022-03-24,2022-06-11,1513834,1513834,0,완료,2022Q1
TXN-2023-0139,IBK기업은행 인천남부지점,은행,인천,최수진,TCR,TCR-200,2023-12-07,2024-02-17,28644104,28644104,3122022,완료,2023Q4
TXN-2023-0140,신한은행 대전남부지점,은행,대전,한미래,TCR,TCR-500,2023-10-05,2023-11-06,30819814,30819814,0,진행중,2023Q4
TXN-2024-0132,IBK기업은행 대구본부,은행,대구,박민준,TCR,TCR-200,2024-03-13,2024-04-24,12411885,12411885,3472382,완료,2024Q1
TXN-2022-0131,신한은행 서울본부,은행,서울,박민준,ATM,ATM-3000,2022-07-14,2022-09-30,93018963,93018963,0,완료,2022Q3
TXN-2022-0132,부산은행 광주강북지점,은행,광주,정대한,ATM,CD-5000,2022-06-04,2022-08-10,146929054,146929054,0,완료,2022Q2
TXN-2022-0133,대구은행,은행,경기,박민준,ATM,ATM-3000,2022-02-21,2022-05-15,65313415,0,0,취소,2022Q1
TXN-2022-0134,서울시설공단 부산강남지점,공공,부산,한미래,교통단말,TM-100,2022-11-02,2022-12-10,2874819,2874819,0,진행중,2022Q4
TXN-2023-0141,NH농협은행,은행,경기,최수진,TCR,TCR-500,2023-12-17,2024-02-23,12455474,12455474,0,완료,2023Q4
TXN-2022-0135,롯데마트 부산본부,유통,부산,김철수,발매기,VM-500,2022-11-11,2022-12-19,248890876,248890876,45978131,완료,2022Q4
TXN-2024-0133,IBK기업은행 대구본부,은행,대구,박민준,TCR,TCR-200,2024-06-02,2024-08-10,7018739,7018739,0,완료,2024Q2
TXN-2023-0142,GS리테일 대전북부지점,유통,대전,한미래,TCR,TCR-200,2023-06-11,2023-08-24,18398205,18398205,0,완료,2023Q2
TXN-2022-0136,BGF리테일 서울동부지점,유통,서울,정대한,발매기,VM-500,2022-02-03,2022-05-01,35648712,35648712,0,완료,2022Q1
TXN-2023-0143,BGF리테일,유통,인천,정대한,TCR,TCR-200,2023-10-25,2023-12-03,16489736,16489736,435582,완료,2023Q4
TXN-2024-0134,GS리테일,유통,서울,정대한,발매기,VM-500,2024-10-23,2024-11-25,122597297,122597297,0,완료,2024Q4
TXN-2024-0135,BGF리테일,유통,인천,정대한,TCR,TCR-500,2024-08-27,2024-10-02,13974909,13974909,0,진행중,2024Q3
TXN-2023-0144,한국도로공사 대구강북지점,공공,대구,최수진,발매기,VM-300,2023-09-07,2023-11-11,222820892,222820892,0,진행중,2023Q3
TXN-2023-0145,신한은행 서울본부,은행,서울,박민준,TCR,TCR-200,2023-09-27,2023-11-20,36519373,0,0,취소,2023Q3
TXN-2023-0146,신한은행 서울본부,은행,서울,정대한,TCR,TCR-200,2023-09-22,2023-11-07,20790408,20790408,5446390,완료,2023Q3
TXN-2022-0137,하나은행 경기동부지점,은행,경기,이영희,ATM,ATM-3000,2022-10-19,2022-12-29,103141287,103141287,0,진행중,2022Q4
TXN-2023-0147,한국철도공사,교통,경기,박민준,교통단말,TM-100,2023-03-05,2023-04-15,1651785,1651785,0,완료,2023Q1
TXN-2024-0136,IBK기업은행,은행,부산,한미래,ATM,CD-5000,2024-02-24,2024-04-11,93521746,93521746,0,완료,2024Q1
TXN-2022-0138,부산은행,은행,경기,박민준,TCR,TCR-200,2022-12-03,2023-02-16,23516124,23516124,0,완료,2022Q4
TXN-2024-0137,하나은행,은행,서울,한미래,ATM,ATM-3000,2024-12-06,2025-02-16,81701203,81701203,0,완료,2024Q4
TXN-2023-0148,부산교통공사 인천강북지점,교통,인천,박민준,교통단말,TM-200,2023-05-12,2023-06-22,4217689,4217689,0,완료,2023Q2
TXN-2022-0139,부산교통공사 인천강북지점,교통,인천,김철수,발매기,VM-300,2022-06-11,2022-09-05,103933530,103933530,11042544,완료,2022Q2
TXN-2023-0149,부산교통공사,교통,서울,김철수,발매기,VM-300,2023-06-26,2023-08-17,160382223,160382223,0,완료,2023Q2
TXN-2024-0138,NH농협은행 인천강남지점,은행,인천,최수진,ATM,CD-7000,2024-11-10,2024-12-30,107302320,107302320,0,완료,2024Q4
TXN-2024-0139,부산교통공사 인천강북지점,교통,인천,김철수,발매기,VM-500,2024-11-04,2025-01-06,155803785,155803785,0,완료,2024Q4
TXN-2024-0140,한국철도공사,교통,경기,정대한,발매기,VM-500,2024-09-25,2024-12-21,16407677,16407677,0,완료,2024Q3
TXN-2024-0141,롯데마트,유통,서울,김철수,TCR,TCR-200,2024-04-08,2024-06-26,10759306,0,0,취소,2024Q2
TXN-2024-0142,대구은행 서울서부지점,은행,서울,김철수,ATM,CD-7000,2024-10-08,2024-12-26,167814298,167814298,35034171,완료,2024Q4
TXN-2022-0140,KB국민은행 서울북부지점,은행,서울,김철수,TCR,TCR-200,2022-12-19,2023-01-27,26614186,26614186,0,진행중,2022Q4
TXN-2024-0143,KB국민은행,은행,서울,최수진,ATM,CD-7000,2024-07-03,2024-08-13,65061963,65061963,0,완료,2024Q3
TXN-2022-0141,대구은행 서울서부지점,은행,서울,박민준,ATM,CD-5000,2022-09-15,2022-11-12,149938135,149938135,0,완료,2022Q3
TXN-2024-0144,KB국민은행 경기강남지점,은행,경기,김철수,ATM,ATM-3000,2024-11-06,2025-01-21,138212947,138212947,0,완료,2024Q4
TXN-2024-0145,롯데마트 부산본부,유통,부산,박민준,TCR,TCR-500,2024-08-16,2024-09-21,39467318,0,0,취소,2024Q3
TXN-2022-0142,BGF리테일,유통,인천,최수진,TCR,TCR-500,2022-06-25,2022-08-22,10349767,10349767,0,진행중,2022Q2
TXN-2024-0146,한국철도공사,교통,경기,정대한,교통단말,TM-200,2024-08-15,2024-09-28,4232357,4232357,522221,완료,2024Q3
TXN-2022-0143,부산교통공사 인천강북지점,교통,인천,박민준,교통단말,TM-200,2022-12-16,2023-03-14,8589436,8589436,0,완료,2022Q4
TXN-2022-0144,우리은행 부산서부지점,은행,부산,최수진,ATM,ATM-3000,2022-05-17,2022-06-25,81094669,81094669,0,진행중,2022Q2
TXN-2023-0150,부산은행,은행,경기,김철수,TCR,TCR-200,2023-11-11,2024-01-27,21322677,21322677,0,완료,2023Q4
TXN-2022-0145,이마트 경기서부지점,유통,경기,김철수,TCR,TCR-200,2022-07-07,2022-09-14,8454782,8454782,0,완료,2022Q3
TXN-2023-0151,서울시설공단,공공,서울,김철수,발매기,VM-300,2023-08-07,2023-11-04,121360612,121360612,0,진행중,2023Q3
TXN-2022-0146,서울시설공단 경기북부지점,공공,경기,박민준,발매기,VM-300,2022-06-17,2022-07-21,20593873,20593873,1384960,완료,2022Q2
TXN-2023-0152,경남은행 경기본부,은행,경기,한미래,TCR,TCR-200,2023-04-28,2023-06-12,15605721,15605721,2959773,완료,2023Q2
TXN-2022-0147,NH농협은행 인천강남지점,은행,인천,이영희,TCR,TCR-500,2022-09-16,2022-11-04,17627551,17627551,0,완료,2022Q3
TXN-2024-0147,경남은행,은행,광주,박민준,TCR,TCR-500,2024-06-11,2024-07-31,5504356,5504356,408656,완료,2024Q2
TXN-2024-0148,롯데마트 부산본부,유통,부산,이영희,발매기,VM-300,2024-12-05,2025-01-25,378785243,378785243,0,완료,2024Q4
TXN-2024-0149,우리은행 대구중부지점,은행,대구,이영희,TCR,TCR-500,2024-12-21,2025-01-31,20313454,20313454,0,완료,2024Q4
TXN-2024-0150,IBK기업은행,은행,부산,이영희,ATM,ATM-3000,2024-11-23,2025-02-07,158436626,158436626,0,완료,2024Q4
TXN-2024-0151,IBK기업은행,은행,부산,김철수,ATM,ATM-3000,2024-04-26,2024-07-17,258404005,258404005,0,완료,2024Q2
TXN-2024-0152,신한은행 서울본부,은행,서울,박민준,ATM,ATM-3000,2024-05-28,2024-08-23,87249274,87249274,0,완료,2024Q2
TXN-2024-0153,IBK기업은행 인천남부지점,은행,인천,정대한,TCR,TCR-500,2024-11-02,2025-01-20,14292599,14292599,0,완료,2024Q4
TXN-2022-0148,하나은행 경기동부지점,은행,경기,김철수,ATM,CD-5000,2022-08-08,2022-09-07,72111750,72111750,0,완료,2022Q3
TXN-2024-0154,KB국민은행 서울북부지점,은행,서울,정대한,ATM,ATM-3000,2024-03-26,2024-05-05,30983984,30983984,8834352,완료,2024Q1
TXN-2022-0149,국민건강보험공단 인천중부지점,공공,인천,한미래,발매기,VM-500,2022-01-28,2022-03-01,149134636,0,0,취소,2022Q1
TXN-2023-0153,국민건강보험공단,공공,광주,박민준,교통단말,TM-200,2023-05-12,2023-06-13,5451831,5451831,0,완료,2023Q2
TXN-2024-0155,부산은행 대전동부지점,은행,대전,정대한,TCR,TCR-500,2024-12-02,2025-02-26,21381271,0,0,취소,2024Q4
TXN-2024-0156,하나은행,은행,서울,한미래,TCR,TCR-200,2024-01-27,2024-03-30,13379165,13379165,0,진행중,2024Q1
TXN-2022-0150,국민건강보험공단 인천중부지점,공공,인천,김철수,발매기,VM-500,2022-11-17,2023-01-22,150718493,150718493,30078262,완료,2022Q4
TXN-2024-0157,부산교통공사,교통,서울,최수진,교통단말,TM-200,2024-03-18,2024-06-14,1238799,1238799,158187,완료,2024Q1
TXN-2022-0151,신한은행 대전남부지점,은행,대전,이영희,TCR,TCR-200,2022-10-28,2022-12-05,27393604,27393604,0,완료,2022Q4
TXN-2022-0152,국민건강보험공단,공공,광주,박민준,자전거시스템,BS-100,2022-07-09,2022-08-18,70520064,70520064,0,완료,2022Q3
TXN-2022-0153,이마트 경기서부지점,유통,경기,김철수,TCR,TCR-500,2022-02-27,2022-05-14,22035118,22035118,0,진행중,2022Q1
TXN-2022-0154,NH농협은행,은행,경기,최수진,TCR,TCR-200,2022-12-03,2023-02-12,29064432,29064432,0,완료,2022Q4
TXN-2023-0154,KB국민은행,은행,서울,김철수,ATM,CD-7000,2023-06-17,2023-07-19,133974249,133974249,0,완료,2023Q2
TXN-2023-0155,대구은행,은행,경기,김철수,ATM,ATM-3000,2023-10-21,2023-12-28,116372969,0,0,취소,2023Q4
TXN-2024-0158,경남은행 서울남부지점,은행,서울,최수진,TCR,TCR-200,2024-03-08,2024-05-15,11101882,11101882,0,완료,2024Q1
TXN-2024-0159,우리은행 부산서부지점,은행,부산,김철수,TCR,TCR-200,2024-10-18,2025-01-08,24835919,24835919,0,진행중,2024Q4
TXN-2023-0156,서울교통공사 대구강남지점,교통,대구,최수진,발매기,VM-300,2023-05-26,2023-07-16,83371083,83371083,0,진행중,2023Q2
TXN-2022-0155,부산은행 광주강북지점,은행,광주,박민준,ATM,CD-7000,2022-02-15,2022-03-25,113770892,113770892,7813907,완료,2022Q1
TXN-2024-0160,하나은행 경기동부지점,은행,경기,박민준,TCR,TCR-200,2024-10-10,2024-11-20,14583048,14583048,0,완료,2024Q4
TXN-2022-0156,한국도로공사 대구강북지점,공공,대구,김철수,발매기,VM-300,2022-03-06,2022-05-17,127945261,127945261,23670851,완료,2022Q1
TXN-2023-0157,신한은행 대전남부지점,은행,대전,한미래,TCR,TCR-500,2023-08-15,2023-09-16,16003009,16003009,0,완료,2023Q3
TXN-2022-0157,KB국민은행 경기강남지점,은행,경기,한미래,TCR,TCR-500,2022-09-18,2022-12-08,13824841,13824841,0,완료,2022Q3
TXN-2022-0158,롯데마트 부산본부,유통,부산,최수진,TCR,TCR-500,2022-07-21,2022-09-19,25474049,25474049,0,완료,2022Q3
TXN-2022-0159,NH농협은행 인천강남지점,은행,인천,김철수,TCR,TCR-500,2022-04-23,2022-07-07,25168133,25168133,0,완료,2022Q2
TXN-2022-0160,신한은행,은행,광주,박민준,ATM,CD-5000,2022-02-13,2022-04-28,33662762,33662762,0,완료,2022Q1
TXN-2024-0161,신한은행 서울본부,은행,서울,김철수,TCR,TCR-500,2024-02-14,2024-04-18,27150629,27150629,0,완료,2024Q1
TXN-2022-0161,부산교통공사,교통,서울,김철수,발매기,VM-300,2022-12-22,2023-03-12,167522404,167522404,0,완료,2022Q4
TXN-2022-0162,서울시설공단,공공,서울,박민준,자전거시스템,BS-100,2022-08-15,2022-10-20,472023119,0,0,취소,2022Q3
TXN-2023-0158,서울교통공사,교통,서울,최수진,교통단말,TM-100,2023-12-15,2024-02-11,2725810,2725810,0,진행중,2023Q4
TXN-2022-0163,서울교통공사 대구강남지점,교통,대구,한미래,교통단말,TM-100,2022-09-14,2022-12-03,2204161,2204161,0,완료,2022Q3
TXN-2024-0162,대구은행 서울서부지점,은행,서울,최수진,ATM,CD-7000,2024-06-20,2024-08-29,79449737,79449737,2893216,완료,2024Q2
TXN-2022-0164,대구은행,은행,경기,한미래,TCR,TCR-200,2022-04-10,2022-05-24,12121330,12121330,0,완료,2022Q2
TXN-2024-0163,한국도로공사 대구강북지점,공공,대구,최수진,자전거시스템,BS-100,2024-06-03,2024-08-10,454828743,454828743,0,진행중,2024Q2
TXN-2023-0159,우리은행,은행,광주,정대한,ATM,ATM-3000,2023-10-15,2023-11-14,84958096,84958096,17033794,완료,2023Q4
TXN-2022-0165,한국철도공사 광주중부지점,교통,광주,이영희,교통단말,TM-100,2022-03-19,2022-05-31,1736121,1736121,137820,완료,2022Q1
TXN-2023-0160,신한은행,은행,광주,김철수,TCR,TCR-500,2023-11-20,2024-01-14,25265112,25265112,0,완료,2023Q4
TXN-2023-0161,한국도로공사,공공,광주,김철수,발매기,VM-300,2023-07-27,2023-09-30,93983757,0,0,취소,2023Q3
TXN-2022-0166,BGF리테일,유통,인천,정대한,발매기,VM-500,2022-11-22,2023-01-08,92268417,0,0,취소,2022Q4
TXN-2023-0162,국민건강보험공단,공공,광주,한미래,자전거시스템,BS-100,2023-04-14,2023-05-30,154936796,154936796,24295490,완료,2023Q2
TXN-2023-0163,대구은행 서울서부지점,은행,서울,박민준,TCR,TCR-200,2023-12-23,2024-02-07,26546420,26546420,0,진행중,2023Q4
TXN-2024-0164,우리은행 부산서부지점,은행,부산,정대한,TCR,TCR-500,2024-09-01,2024-11-06,17316637,0,0,취소,2024Q3
TXN-2022-0167,NH농협은행 광주북부지점,은행,광주,김철수,TCR,TCR-500,2022-10-19,2023-01-14,31165455,31165455,0,완료,2022Q4
TXN-2023-0164,KB국민은행,은행,서울,김철수,ATM,CD-5000,2023-04-26,2023-06-09,134365948,134365948,0,완료,2023Q2
TXN-2024-0165,국민건강보험공단,공공,광주,이영희,자전거시스템,BS-100,2024-12-25,2025-02-09,506145226,506145226,0,진행중,2024Q4
TXN-2023-0165,우정사업본부,공공,인천,김철수,발매기,VM-500,2023-05-08,2023-08-05,384460452,384460452,38839388,완료,2023Q2
TXN-2023-0166,국민건강보험공단,공공,광주,박민준,교통단말,TM-100,2023-02-02,2023-03-16,1265805,1265805,101512,완료,2023Q1
TXN-2023-0167,우정사업본부,공공,인천,김철수,교통단말,TM-200,2023-08-11,2023-09-16,14085688,14085688,461466,완료,2023Q3
TXN-2024-0166,대구은행 대전중부지점,은행,대전,박민준,ATM,ATM-3000,2024-05-13,2024-08-05,72347472,0,0,취소,2024Q2
